AK-109_bins,AK-109,AK5C_bins,AK5C,AK-74_bins,AK-74,AKM_bins,AKM,AKS74-U_bins,AKS74-U,AS VAL_bins,AS VAL,AUG A1_bins,AUG A1,SKS Auto_bins,SKS Auto,Famas-G2_bins,Famas-G2,G36k_bins,G36k,G3A3_bins,G3A3,Galil_bins,Galil,L85A2_bins,L85A2,M16A2_bins,M16A2,M4_bins,M4,SCAR-L_bins,SCAR-L,SG552_bins,SG552,Stoner 63_bins,Stoner 63,VSS_bins,VSS,Agram 2000_bins,Agram 2000,CX8 Storm_bins,CX8 Storm,Vector 10mm_bins,Vector 10mm,Vector 9mm_bins,Vector 9mm,Luty_bins,Luty,MAC-10_bins,MAC-10,MAC-11_bins,MAC-11,MAT-49_bins,MAT-49,MP40_bins,MP40,MP5_bins,MP5,MP7_bins,MP7,MP9_bins,MP9,MPX JW_bins,MPX JW,FNP90_bins,FNP90,PP-19 Bizon_bins,PP-19 Bizon,PPSH_bins,PPSH,Thompson 1928_bins,Thompson 1928,UMP45_bins,UMP45,UMP45 Reaper_bins,UMP45 Reaper,BAR_bins,BAR,XM250_bins,XM250,M1A SASS_bins,M1A SASS,SKS_bins,SKS,AWM_bins,AWM,Mosin_bins,Mosin,Springfield_bins,Springfield,Hunter_bins,Hunter,C1911_bins,C1911,Deagle_bins,Deagle,5-7_bins,5-7,Glock 17_bins,Glock 17,Makarov_bins,Makarov,Ruger_bins,Ruger,Tokarev_bins,Tokarev,USP_bins,USP,JW 2011_bins,JW 2011,JW G34_bins,JW G34,SVD_bins,SVD,Barrett_bins,Barrett
384,4,425,2,384,1,672,2,480,1,360,1,425,1,390,1,366,1,510,1,220,644,550,2,450,2,360,1,315,1,505,1,490,4,510,2,420,3,0,10000,0,10000,0,10000,0,10000,0,10000,0,10000,0,10000,0,10000,0,10000,0,10000,0,10000,0,10000,0,10000,0,10000,0,10000,0,10000,0,10000,0,10000,0,10000,240,691,180,1214,2,659,6,1,0,9020,2,586,3,295,2,657,0,10000,0,10000,0,10000,0,10000,0,10000,0,10000,0,10000,0,10000,0,10000,0,10000,2,664,0,10000
480,7,595,3,576,3,768,4,576,2,420,2,510,1,520,6,427,3,765,1,330,1188,660,1,525,1,420,4,378,1,606,3,560,4,595,4,480,6,,,,,,,,,,,,,,,,,,,,,,,,,,,,,,,,,,,,,,,360,1183,270,1908,3,1162,7,5,1,873,3,1126,4,625,3,1167,,,,,,,,,,,,,,,,,,,,,3,1168,,
576,18,680,3,768,1,864,7,672,4,480,4,595,5,585,7,488,6,850,2,440,1374,770,4,600,6,480,1,441,2,707,4,630,2,680,1,540,3,,,,,,,,,,,,,,,,,,,,,,,,,,,,,,,,,,,,,,,480,1424,360,1849,4,1395,8,5,2,96,4,1502,5,913,4,1380,,,,,,,,,,,,,,,,,,,,,4,1398,,
672,22,765,9,864,7,960,11,768,3,540,5,680,5,650,16,549,7,935,1,550,1400,880,7,675,6,540,4,504,4,808,3,700,10,765,7,600,13,,,,,,,,,,,,,,,,,,,,,,,,,,,,,,,,,,,,,,,600,1363,450,1590,5,1386,9,12,3,11,5,1394,6,1099,5,1392,,,,,,,,,,,,,,,,,,,,,5,1389,,
768,37,850,14,960,12,1056,17,864,13,600,13,765,7,715,14,610,9,1020,2,660,1261,990,6,750,14,600,9,567,11,909,5,770,18,850,14,660,15,,,,,,,,,,,,,,,,,,,,,,,,,,,,,,,,,,,,,,,720,1252,540,1146,6,1225,10,14,,,6,1209,7,1180,6,1225,,,,,,,,,,,,,,,,,,,,,6,1261,,
864,48,935,12,1056,24,1152,21,960,7,660,14,850,8,780,21,671,15,1105,7,770,1041,1100,10,825,17,660,13,630,17,1010,8,840,21,935,12,720,14,,,,,,,,,,,,,,,,,,,,,,,,,,,,,,,,,,,,,,,840,1055,630,843,7,1077,11,15,,,7,1044,8,1130,7,1079,,,,,,,,,,,,,,,,,,,,,7,1008,,
960,61,1020,19,1152,20,1248,24,1056,13,720,20,935,24,845,37,732,18,1190,7,880,831,1210,23,900,18,720,17,693,17,1111,9,910,25,1020,16,780,24,,,,,,,,,,,,,,,,,,,,,,,,,,,,,,,,,,,,,,,960,800,720,543,8,845,12,19,,,8,850,9,981,8,850,,,,,,,,,,,,,,,,,,,,,8,829,,
1056,75,1105,31,1248,24,1344,47,1152,27,780,31,1020,27,910,29,793,24,1275,10,990,599,1320,29,975,26,780,27,756,32,1212,15,980,30,1105,21,840,38,,,,,,,,,,,,,,,,,,,,,,,,,,,,,,,,,,,,,,,1080,636,810,358,9,627,13,27,,,9,620,10,823,9,662,,,,,,,,,,,,,,,,,,,,,9,613,,
1152,104,1190,38,1344,28,1440,42,1248,24,840,41,1105,27,975,43,854,28,1360,22,1100,488,1430,25,1050,44,840,29,819,26,1313,28,1050,28,1190,33,900,43,,,,,,,,,,,,,,,,,,,,,,,,,,,,,,,,,,,,,,,1200,460,900,210,10,482,14,35,,,10,482,11,696,10,424,,,,,,,,,,,,,,,,,,,,,10,471,,
1248,79,1275,36,1440,40,1536,52,1344,46,900,34,1190,38,1040,40,915,46,1445,17,1210,355,1540,43,1125,34,900,38,882,45,1414,30,1120,60,1275,60,960,49,,,,,,,,,,,,,,,,,,,,,,,,,,,,,,,,,,,,,,,1320,343,990,139,11,333,15,39,,,11,366,12,591,11,321,,,,,,,,,,,,,,,,,,,,,11,357,,
1344,124,1360,60,1536,49,1632,47,1440,51,960,50,1275,37,1105,72,976,46,1530,22,1320,248,1650,34,1200,63,960,59,945,31,1515,57,1190,59,1360,50,1020,51,,,,,,,,,,,,,,,,,,,,,,,,,,,,,,,,,,,,,,,1440,277,1080,79,12,224,16,62,,,12,252,13,441,12,288,,,,,,,,,,,,,,,,,,,,,12,251,,
1440,110,1445,73,1632,74,1728,72,1536,59,1020,58,1360,53,1170,70,1037,72,1615,32,1430,175,1760,63,1275,69,1020,58,1008,39,1616,50,1260,72,1445,68,1080,63,,,,,,,,,,,,,,,,,,,,,,,,,,,,,,,,,,,,,,,1560,156,1170,57,13,197,17,49,,,13,172,14,334,13,177,,,,,,,,,,,,,,,,,,,,,13,178,,
1536,131,1530,60,1728,75,1824,77,1632,64,1080,68,1445,58,1235,76,1098,73,1700,33,1540,117,1870,58,1350,72,1080,82,1071,60,1717,53,1330,87,1530,79,1140,76,,,,,,,,,,,,,,,,,,,,,,,,,,,,,,,,,,,,,,,1680,111,1260,34,14,123,18,60,,,14,114,15,259,14,123,,,,,,,,,,,,,,,,,,,,,14,125,,
1632,169,1615,82,1824,90,1920,82,1728,58,1140,79,1530,79,1300,75,1159,83,1785,39,1650,88,1980,72,1425,79,1140,75,1134,77,1818,73,1400,97,1615,91,1200,88,,,,,,,,,,,,,,,,,,,,,,,,,,,,,,,,,,,,,,,1800,76,1350,14,15,78,19,75,,,15,78,16,199,15,93,,,,,,,,,,,,,,,,,,,,,15,86,,
1728,145,1700,87,1920,74,2016,78,1824,75,1200,86,1615,69,1365,110,1220,84,1870,32,1760,62,2090,83,1500,94,1200,95,1197,69,1919,80,1470,101,1700,92,1260,82,,,,,,,,,,,,,,,,,,,,,,,,,,,,,,,,,,,,,,,1920,65,1440,6,16,49,20,85,,,16,68,17,131,16,51,,,,,,,,,,,,,,,,,,,,,16,59,,
1824,196,1785,100,2016,95,2112,116,1920,85,1260,98,1700,81,1430,125,1281,118,1955,72,1870,44,2200,87,1575,104,1260,104,1260,85,2020,101,1540,112,1785,89,1320,113,,,,,,,,,,,,,,,,,,,,,,,,,,,,,,,,,,,,,,,2040,39,1530,5,17,50,21,106,,,17,45,18,87,17,39,,,,,,,,,,,,,,,,,,,,,17,43,,
1920,201,1870,113,2112,110,2208,132,2016,94,1320,98,1785,112,1495,134,1342,104,2040,63,1980,28,2310,110,1650,126,1320,112,1323,98,2121,113,1610,122,1870,100,1380,123,,,,,,,,,,,,,,,,,,,,,,,,,,,,,,,,,,,,,,,2160,23,1620,2,18,35,22,116,,,18,30,19,61,18,27,,,,,,,,,,,,,,,,,,,,,18,33,,
2016,206,1955,120,2208,116,2304,122,2112,111,1380,123,1870,114,1560,127,1403,111,2125,53,2090,22,2420,119,1725,108,1380,113,1386,115,2222,91,1680,134,1955,128,1440,139,,,,,,,,,,,,,,,,,,,,,,,,,,,,,,,,,,,,,,,2280,11,1710,2,19,19,23,115,,,19,19,20,51,19,17,,,,,,,,,,,,,,,,,,,,,19,23,,
2112,187,2040,112,2304,147,2400,146,2208,100,1440,153,1955,94,1625,143,1464,128,2210,63,2200,18,2530,112,1800,138,1440,137,1449,102,2323,120,1750,142,2040,119,1500,137,,,,,,,,,,,,,,,,,,,,,,,,,,,,,,,,,,,,,,,2400,10,1980,1,20,8,24,129,,,20,11,21,33,20,12,,,,,,,,,,,,,,,,,,,,,20,20,,
2208,195,2125,138,2400,132,2496,144,2304,128,1500,129,2040,120,1690,158,1525,140,2295,80,2310,2,2640,143,1875,155,1500,126,1512,120,2424,127,1820,151,2125,139,1560,155,,,,,,,,,,,,,,,,,,,,,,,,,,,,,,,,,,,,,,,2520,12,,,21,8,25,145,,,21,16,22,22,21,9,,,,,,,,,,,,,,,,,,,,,21,6,,
2304,222,2210,148,2496,144,2592,140,2400,150,1560,172,2125,138,1755,172,1586,150,2380,100,2420,5,2750,119,1950,149,1560,141,1575,137,2525,141,1890,157,2210,126,1620,153,,,,,,,,,,,,,,,,,,,,,,,,,,,,,,,,,,,,,,,2640,4,,,22,3,26,149,,,22,10,23,15,22,4,,,,,,,,,,,,,,,,,,,,,22,6,,
2400,220,2295,138,2592,139,2688,177,2496,138,1620,155,2210,167,1820,149,1647,146,2465,98,2530,5,2860,145,2025,162,1620,172,1638,158,2626,128,1960,182,2295,167,1680,166,,,,,,,,,,,,,,,,,,,,,,,,,,,,,,,,,,,,,,,2760,4,,,23,1,27,154,,,23,3,24,10,23,1,,,,,,,,,,,,,,,,,,,,,23,4,,
2496,215,2380,157,2688,172,2784,166,2592,163,1680,147,2295,176,1885,193,1708,158,2550,100,2640,3,2970,153,2100,148,1680,154,1701,161,2727,155,2030,160,2380,170,1740,175,,,,,,,,,,,,,,,,,,,,,,,,,,,,,,,,,,,,,,,2880,1,,,24,5,28,156,,,24,2,25,8,24,1,,,,,,,,,,,,,,,,,,,,,24,3,,
2592,256,2465,175,2784,156,2880,195,2688,153,1740,158,2380,159,1950,172,1769,169,2635,135,2750,2,3080,179,2175,177,1740,175,1764,161,2828,166,2100,168,2465,159,1800,196,,,,,,,,,,,,,,,,,,,,,,,,,,,,,,,,,,,,,,,3000,2,,,25,2,29,189,,,26,1,26,9,25,1,,,,,,,,,,,,,,,,,,,,,25,2,,
2688,233,2550,182,2880,179,2976,167,2784,186,1800,167,2465,163,2015,186,1830,187,2720,110,,,3190,161,2250,173,1800,207,1827,182,2929,175,2170,161,2550,166,1860,177,,,,,,,,,,,,,,,,,,,,,,,,,,,,,,,,,,,,,,,3120,1,,,26,3,30,181,,,,,27,4,,,,,,,,,,,,,,,,,,,,,,,26,2,,
2784,248,2635,175,2976,189,3072,206,2880,153,1860,193,2550,167,2080,177,1891,190,2805,129,,,3300,171,2325,192,1860,153,1890,196,3030,186,2240,176,2635,166,1920,211,,,,,,,,,,,,,,,,,,,,,,,,,,,,,,,,,,,,,,,3360,1,,,27,1,31,177,,,,,28,2,,,,,,,,,,,,,,,,,,,,,,,27,1,,
2880,243,2720,182,3072,182,3168,172,2976,174,1920,199,2635,178,2145,173,1952,169,2890,128,,,3410,185,2400,175,1920,207,1953,206,3131,189,2310,192,2720,184,1980,203,,,,,,,,,,,,,,,,,,,,,,,,,,,,,,,,,,,,,,,,,,,28,1,32,178,,,,,33,1,,,,,,,,,,,,,,,,,,,,,,,,,,
2976,251,2805,188,3168,204,3264,193,3072,169,1980,175,2720,187,2210,197,2013,191,2975,151,,,3520,178,2475,175,1980,203,2016,202,3232,185,2380,202,2805,197,2040,187,,,,,,,,,,,,,,,,,,,,,,,,,,,,,,,,,,,,,,,,,,,29,2,33,210,,,,,,,,,,,,,,,,,,,,,,,,,,,,,,,,
3072,252,2890,176,3264,207,3360,190,3168,171,2040,201,2805,209,2275,180,2074,218,3060,158,,,3630,192,2550,206,2040,189,2079,192,3333,201,2450,190,2890,193,2100,201,,,,,,,,,,,,,,,,,,,,,,,,,,,,,,,,,,,,,,,,,,,,,34,208,,,,,,,,,,,,,,,,,,,,,,,,,,,,,,,,
3168,225,2975,178,3360,189,3456,187,3264,183,2100,199,2890,203,2340,217,2135,214,3145,155,,,3740,189,2625,200,2100,224,2142,174,3434,194,2520,215,2975,199,2160,223,,,,,,,,,,,,,,,,,,,,,,,,,,,,,,,,,,,,,,,,,,,,,35,174,,,,,,,,,,,,,,,,,,,,,,,,,,,,,,,,
3264,213,3060,188,3456,179,3552,230,3360,184,2160,171,2975,199,2405,214,2196,221,3230,135,,,3850,205,2700,194,2160,200,2205,200,3535,207,2590,189,3060,206,2220,199,,,,,,,,,,,,,,,,,,,,,,,,,,,,,,,,,,,,,,,,,,,,,36,217,,,,,,,,,,,,,,,,,,,,,,,,,,,,,,,,
3360,213,3145,205,3552,228,3648,190,3456,229,2220,220,3060,210,2470,203,2257,197,3315,149,,,3960,216,2775,217,2220,224,2268,199,3636,198,2660,193,3145,192,2280,212,,,,,,,,,,,,,,,,,,,,,,,,,,,,,,,,,,,,,,,,,,,,,37,213,,,,,,,,,,,,,,,,,,,,,,,,,,,,,,,,
3456,228,3230,238,3648,209,3744,204,3552,203,2280,195,3145,206,2535,202,2318,195,3400,170,,,4070,219,2850,206,2280,209,2331,204,3737,182,2730,210,3230,190,2340,204,,,,,,,,,,,,,,,,,,,,,,,,,,,,,,,,,,,,,,,,,,,,,38,194,,,,,,,,,,,,,,,,,,,,,,,,,,,,,,,,
3552,207,3315,216,3744,229,3840,206,3648,211,2340,222,3230,176,2600,183,2379,226,3485,178,,,4180,211,2925,189,2340,221,2394,226,3838,201,2800,212,3315,211,2400,190,,,,,,,,,,,,,,,,,,,,,,,,,,,,,,,,,,,,,,,,,,,,,39,216,,,,,,,,,,,,,,,,,,,,,,,,,,,,,,,,
3648,224,3400,196,3840,204,3936,204,3744,218,2400,219,3315,215,2665,228,2440,193,3570,168,,,4290,220,3000,181,2400,200,2457,192,3939,188,2870,192,3400,213,2460,209,,,,,,,,,,,,,,,,,,,,,,,,,,,,,,,,,,,,,,,,,,,,,40,208,,,,,,,,,,,,,,,,,,,,,,,,,,,,,,,,
3744,213,3485,230,3936,229,4032,202,3840,202,2460,240,3400,199,2730,193,2501,198,3655,154,,,4400,186,3075,225,2460,211,2520,205,4040,197,2940,223,3485,220,2520,200,,,,,,,,,,,,,,,,,,,,,,,,,,,,,,,,,,,,,,,,,,,,,41,191,,,,,,,,,,,,,,,,,,,,,,,,,,,,,,,,
3840,197,3570,197,4032,201,4128,191,3936,196,2520,188,3485,184,2795,210,2562,193,3740,159,,,4510,228,3150,215,2520,219,2583,200,4141,221,3010,211,3570,206,2580,215,,,,,,,,,,,,,,,,,,,,,,,,,,,,,,,,,,,,,,,,,,,,,42,219,,,,,,,,,,,,,,,,,,,,,,,,,,,,,,,,
3936,200,3655,201,4128,197,4224,201,4032,188,2580,209,3570,190,2860,211,2623,216,3825,186,,,4620,193,3225,198,2580,188,2646,180,4242,197,3080,184,3655,200,2640,181,,,,,,,,,,,,,,,,,,,,,,,,,,,,,,,,,,,,,,,,,,,,,43,190,,,,,,,,,,,,,,,,,,,,,,,,,,,,,,,,
4032,200,3740,204,4224,193,4320,190,4128,236,2640,201,3655,216,2925,210,2684,202,3910,170,,,4730,195,3300,213,2640,191,2709,185,4343,213,3150,213,3740,194,2700,198,,,,,,,,,,,,,,,,,,,,,,,,,,,,,,,,,,,,,,,,,,,,,44,211,,,,,,,,,,,,,,,,,,,,,,,,,,,,,,,,
4128,169,3825,205,4320,216,4416,207,4224,201,2700,202,3740,212,2990,220,2745,189,3995,186,,,4840,206,3375,171,2700,171,2772,191,4444,178,3220,187,3825,211,2760,185,,,,,,,,,,,,,,,,,,,,,,,,,,,,,,,,,,,,,,,,,,,,,45,216,,,,,,,,,,,,,,,,,,,,,,,,,,,,,,,,
4224,185,3910,198,4416,180,4512,190,4320,222,2760,200,3825,215,3055,173,2806,195,4080,184,,,4950,231,3450,185,2760,212,2835,187,4545,199,3290,164,3910,180,2820,201,,,,,,,,,,,,,,,,,,,,,,,,,,,,,,,,,,,,,,,,,,,,,46,211,,,,,,,,,,,,,,,,,,,,,,,,,,,,,,,,
4320,163,3995,188,4512,183,4608,185,4416,191,2820,203,3910,177,3120,201,2867,210,4165,180,,,5060,188,3525,177,2820,178,2898,177,4646,191,3360,184,3995,205,2880,185,,,,,,,,,,,,,,,,,,,,,,,,,,,,,,,,,,,,,,,,,,,,,47,167,,,,,,,,,,,,,,,,,,,,,,,,,,,,,,,,
4416,166,4080,187,4608,202,4704,180,4512,194,2880,191,3995,177,3185,192,2928,214,4250,190,,,5170,200,3600,196,2880,192,2961,182,4747,200,3430,186,4080,168,2940,188,,,,,,,,,,,,,,,,,,,,,,,,,,,,,,,,,,,,,,,,,,,,,48,184,,,,,,,,,,,,,,,,,,,,,,,,,,,,,,,,
4512,150,4165,175,4704,192,4800,184,4608,181,2940,183,4080,185,3250,175,2989,198,4335,188,,,5280,156,3675,170,2940,167,3024,233,4848,187,3500,169,4165,196,3000,173,,,,,,,,,,,,,,,,,,,,,,,,,,,,,,,,,,,,,,,,,,,,,49,180,,,,,,,,,,,,,,,,,,,,,,,,,,,,,,,,
4608,162,4250,171,4800,196,4896,174,4704,177,3000,192,4165,182,3315,191,3050,172,4420,181,,,5390,188,3750,201,3000,185,3087,167,4949,202,3570,173,4250,156,3060,173,,,,,,,,,,,,,,,,,,,,,,,,,,,,,,,,,,,,,,,,,,,,,50,184,,,,,,,,,,,,,,,,,,,,,,,,,,,,,,,,
4704,162,4335,190,4896,166,4992,168,4800,165,3060,164,4250,179,3380,161,3111,166,4505,205,,,5500,170,3825,165,3060,185,3150,199,5050,193,3640,192,4335,193,3120,168,,,,,,,,,,,,,,,,,,,,,,,,,,,,,,,,,,,,,,,,,,,,,51,177,,,,,,,,,,,,,,,,,,,,,,,,,,,,,,,,
4800,143,4420,179,4992,196,5088,182,4896,184,3120,172,4335,188,3445,150,3172,169,4590,150,,,5610,168,3900,171,3120,166,3213,161,5151,156,3710,153,4420,182,3180,138,,,,,,,,,,,,,,,,,,,,,,,,,,,,,,,,,,,,,,,,,,,,,52,178,,,,,,,,,,,,,,,,,,,,,,,,,,,,,,,,
4896,152,4505,171,5088,154,5184,184,4992,180,3180,162,4420,165,3510,155,3233,173,4675,179,,,5720,175,3975,163,3180,146,3276,159,5252,169,3780,168,4505,172,3240,179,,,,,,,,,,,,,,,,,,,,,,,,,,,,,,,,,,,,,,,,,,,,,53,182,,,,,,,,,,,,,,,,,,,,,,,,,,,,,,,,
4992,120,4590,149,5184,143,5280,173,5088,150,3240,170,4505,140,3575,139,3294,146,4760,171,,,5830,163,4050,166,3240,146,3339,169,5353,153,3850,160,4590,138,3300,167,,,,,,,,,,,,,,,,,,,,,,,,,,,,,,,,,,,,,,,,,,,,,54,177,,,,,,,,,,,,,,,,,,,,,,,,,,,,,,,,
5088,128,4675,145,5280,153,5376,135,5184,175,3300,166,4590,167,3640,170,3355,160,4845,176,,,5940,168,4125,162,3300,155,3402,147,5454,185,3920,186,4675,159,3360,155,,,,,,,,,,,,,,,,,,,,,,,,,,,,,,,,,,,,,,,,,,,,,55,160,,,,,,,,,,,,,,,,,,,,,,,,,,,,,,,,
5184,96,4760,166,5376,144,5472,156,5280,160,3360,140,4675,145,3705,141,3416,152,4930,165,,,6050,172,4200,148,3360,159,3465,157,5555,150,3990,140,4760,171,3420,151,,,,,,,,,,,,,,,,,,,,,,,,,,,,,,,,,,,,,,,,,,,,,56,149,,,,,,,,,,,,,,,,,,,,,,,,,,,,,,,,
5280,112,4845,152,5472,148,5568,157,5376,148,3420,141,4760,150,3770,136,3477,146,5015,191,,,6160,160,4275,161,3420,144,3528,156,5656,160,4060,146,4845,161,3480,137,,,,,,,,,,,,,,,,,,,,,,,,,,,,,,,,,,,,,,,,,,,,,57,134,,,,,,,,,,,,,,,,,,,,,,,,,,,,,,,,
5376,91,4930,143,5568,147,5664,152,5472,143,3480,155,4845,169,3835,136,3538,149,5100,161,,,6270,143,4350,159,3480,147,3591,136,5757,155,4130,139,4930,128,3540,147,,,,,,,,,,,,,,,,,,,,,,,,,,,,,,,,,,,,,,,,,,,,,58,147,,,,,,,,,,,,,,,,,,,,,,,,,,,,,,,,
5472,98,5015,113,5664,132,5760,166,5568,146,3540,117,4930,152,3900,128,3599,134,5185,167,,,6380,137,4425,128,3540,149,3654,151,5858,147,4200,138,5015,138,3600,134,,,,,,,,,,,,,,,,,,,,,,,,,,,,,,,,,,,,,,,,,,,,,59,120,,,,,,,,,,,,,,,,,,,,,,,,,,,,,,,,
5568,81,5100,125,5760,112,5856,124,5664,129,3600,126,5015,144,3965,132,3660,134,5270,152,,,6490,124,4500,136,3600,107,3717,139,5959,145,4270,132,5100,131,3660,125,,,,,,,,,,,,,,,,,,,,,,,,,,,,,,,,,,,,,,,,,,,,,60,147,,,,,,,,,,,,,,,,,,,,,,,,,,,,,,,,
5664,90,5185,127,5856,100,5952,115,5760,140,3660,149,5100,152,4030,127,3721,119,5355,186,,,6600,126,4575,118,3660,116,3780,148,6060,129,4340,111,5185,127,3720,139,,,,,,,,,,,,,,,,,,,,,,,,,,,,,,,,,,,,,,,,,,,,,61,140,,,,,,,,,,,,,,,,,,,,,,,,,,,,,,,,
5760,81,5270,124,5952,134,6048,110,5856,122,3720,127,5185,137,4095,119,3782,133,5440,149,,,6710,116,4650,145,3720,110,3843,98,6161,126,4410,130,5270,120,3780,132,,,,,,,,,,,,,,,,,,,,,,,,,,,,,,,,,,,,,,,,,,,,,62,130,,,,,,,,,,,,,,,,,,,,,,,,,,,,,,,,
5856,82,5355,109,6048,130,6144,125,5952,127,3780,139,5270,130,4160,122,3843,130,5525,142,,,6820,129,4725,129,3780,121,3906,150,6262,113,4480,116,5355,130,3840,119,,,,,,,,,,,,,,,,,,,,,,,,,,,,,,,,,,,,,,,,,,,,,63,110,,,,,,,,,,,,,,,,,,,,,,,,,,,,,,,,
5952,74,5440,112,6144,109,6240,104,6048,122,3840,110,5355,122,4225,105,3904,108,5610,133,,,6930,100,4800,103,3840,114,3969,119,6363,110,4550,101,5440,111,3900,110,,,,,,,,,,,,,,,,,,,,,,,,,,,,,,,,,,,,,,,,,,,,,64,104,,,,,,,,,,,,,,,,,,,,,,,,,,,,,,,,
6048,80,5525,100,6240,104,6336,130,6144,110,3900,120,5440,95,4290,101,3965,116,5695,127,,,7040,103,4875,106,3900,117,4032,111,6464,120,4620,128,5525,141,3960,104,,,,,,,,,,,,,,,,,,,,,,,,,,,,,,,,,,,,,,,,,,,,,65,119,,,,,,,,,,,,,,,,,,,,,,,,,,,,,,,,
6144,73,5610,107,6336,127,6432,106,6240,114,3960,97,5525,117,4355,104,4026,90,5780,117,,,7150,107,4950,110,3960,103,4095,113,6565,111,4690,113,5610,91,4020,119,,,,,,,,,,,,,,,,,,,,,,,,,,,,,,,,,,,,,,,,,,,,,66,107,,,,,,,,,,,,,,,,,,,,,,,,,,,,,,,,
6240,47,5695,95,6432,103,6528,99,6336,111,4020,101,5610,102,4420,89,4087,81,5865,129,,,7260,122,5025,83,4020,122,4158,102,6666,109,4760,76,5695,98,4080,95,,,,,,,,,,,,,,,,,,,,,,,,,,,,,,,,,,,,,,,,,,,,,67,102,,,,,,,,,,,,,,,,,,,,,,,,,,,,,,,,
6336,64,5780,111,6528,93,6624,91,6432,116,4080,88,5695,97,4485,105,4148,90,5950,116,,,7370,91,5100,95,4080,97,4221,83,6767,125,4830,67,5780,92,4140,100,,,,,,,,,,,,,,,,,,,,,,,,,,,,,,,,,,,,,,,,,,,,,68,96,,,,,,,,,,,,,,,,,,,,,,,,,,,,,,,,
6432,47,5865,90,6624,87,6720,94,6528,110,4140,115,5780,101,4550,75,4209,106,6035,114,,,7480,87,5175,86,4140,91,4284,96,6868,103,4900,91,5865,102,4200,90,,,,,,,,,,,,,,,,,,,,,,,,,,,,,,,,,,,,,,,,,,,,,69,79,,,,,,,,,,,,,,,,,,,,,,,,,,,,,,,,
6528,56,5950,98,6720,80,6816,70,6624,100,4200,75,5865,103,4615,71,4270,88,6120,129,,,7590,96,5250,84,4200,94,4347,107,6969,98,4970,91,5950,93,4260,78,,,,,,,,,,,,,,,,,,,,,,,,,,,,,,,,,,,,,,,,,,,,,70,80,,,,,,,,,,,,,,,,,,,,,,,,,,,,,,,,
6624,46,6035,87,6816,73,6912,69,6720,106,4260,86,5950,70,4680,74,4331,72,6205,102,,,7700,76,5325,74,4260,69,4410,113,7070,82,5040,89,6035,85,4320,80,,,,,,,,,,,,,,,,,,,,,,,,,,,,,,,,,,,,,,,,,,,,,71,89,,,,,,,,,,,,,,,,,,,,,,,,,,,,,,,,
6720,35,6120,85,6912,95,7008,69,6816,88,4320,73,6035,81,4745,78,4392,84,6290,108,,,7810,97,5400,95,4320,79,4473,91,7171,90,5110,80,6120,82,4380,67,,,,,,,,,,,,,,,,,,,,,,,,,,,,,,,,,,,,,,,,,,,,,72,76,,,,,,,,,,,,,,,,,,,,,,,,,,,,,,,,
6816,42,6205,80,7008,73,7104,65,6912,75,4380,84,6120,94,4810,72,4453,83,6375,93,,,7920,84,5475,88,4380,69,4536,101,7272,87,5180,81,6205,78,4440,70,,,,,,,,,,,,,,,,,,,,,,,,,,,,,,,,,,,,,,,,,,,,,73,68,,,,,,,,,,,,,,,,,,,,,,,,,,,,,,,,
6912,48,6290,77,7104,75,7200,76,7008,75,4440,66,6205,85,4875,70,4514,77,6460,107,,,8030,68,5550,78,4440,88,4599,71,7373,84,5250,70,6290,79,4500,72,,,,,,,,,,,,,,,,,,,,,,,,,,,,,,,,,,,,,,,,,,,,,74,85,,,,,,,,,,,,,,,,,,,,,,,,,,,,,,,,
7008,46,6375,70,7200,70,7296,68,7104,78,4500,72,6290,75,4940,66,4575,67,6545,124,,,8140,64,5625,74,4500,70,4662,74,7474,57,5320,53,6375,72,4560,67,,,,,,,,,,,,,,,,,,,,,,,,,,,,,,,,,,,,,,,,,,,,,75,72,,,,,,,,,,,,,,,,,,,,,,,,,,,,,,,,
7104,31,6460,82,7296,63,7392,68,7200,77,4560,61,6375,63,5005,65,4636,72,6630,103,,,8250,80,5700,53,4560,64,4725,71,7575,78,5390,62,6460,63,4620,53,,,,,,,,,,,,,,,,,,,,,,,,,,,,,,,,,,,,,,,,,,,,,76,54,,,,,,,,,,,,,,,,,,,,,,,,,,,,,,,,
7200,35,6545,57,7392,65,7488,58,7296,69,4620,56,6460,50,5070,63,4697,67,6715,84,,,8360,63,5775,53,4620,66,4788,71,7676,58,5460,47,6545,56,4680,64,,,,,,,,,,,,,,,,,,,,,,,,,,,,,,,,,,,,,,,,,,,,,77,69,,,,,,,,,,,,,,,,,,,,,,,,,,,,,,,,
7296,33,6630,55,7488,78,7584,64,7392,65,4680,53,6545,62,5135,55,4758,55,6800,98,,,8470,60,5850,53,4680,61,4851,61,7777,63,5530,61,6630,62,4740,50,,,,,,,,,,,,,,,,,,,,,,,,,,,,,,,,,,,,,,,,,,,,,78,65,,,,,,,,,,,,,,,,,,,,,,,,,,,,,,,,
7392,31,6715,63,7584,56,7680,47,7488,58,4740,52,6630,64,5200,59,4819,51,6885,89,,,8580,63,5925,58,4740,47,4914,64,7878,65,5600,42,6715,69,4800,64,,,,,,,,,,,,,,,,,,,,,,,,,,,,,,,,,,,,,,,,,,,,,79,40,,,,,,,,,,,,,,,,,,,,,,,,,,,,,,,,
7488,22,6800,56,7680,61,7776,48,7584,56,4800,41,6715,59,5265,46,4880,51,6970,66,,,8690,63,6000,46,4800,49,4977,53,7979,52,5670,59,6800,54,4860,51,,,,,,,,,,,,,,,,,,,,,,,,,,,,,,,,,,,,,,,,,,,,,80,56,,,,,,,,,,,,,,,,,,,,,,,,,,,,,,,,
7584,27,6885,55,7776,45,7872,36,7680,56,4860,58,6800,57,5330,36,4941,46,7055,79,,,8800,49,6075,57,4860,45,5040,50,8080,50,5740,49,6885,45,4920,47,,,,,,,,,,,,,,,,,,,,,,,,,,,,,,,,,,,,,,,,,,,,,81,45,,,,,,,,,,,,,,,,,,,,,,,,,,,,,,,,
7680,26,6970,52,7872,48,7968,38,7776,42,4920,43,6885,52,5395,35,5002,39,7140,80,,,8910,49,6150,47,4920,62,5103,57,8181,50,5810,43,6970,47,4980,34,,,,,,,,,,,,,,,,,,,,,,,,,,,,,,,,,,,,,,,,,,,,,82,44,,,,,,,,,,,,,,,,,,,,,,,,,,,,,,,,
7776,23,7055,60,7968,47,8064,45,7872,46,4980,43,6970,53,5460,48,5063,61,7225,94,,,9020,63,6225,40,4980,39,5166,43,8282,45,5880,40,7055,43,5040,33,,,,,,,,,,,,,,,,,,,,,,,,,,,,,,,,,,,,,,,,,,,,,83,46,,,,,,,,,,,,,,,,,,,,,,,,,,,,,,,,
7872,29,7140,33,8064,42,8160,38,7968,40,5040,40,7055,54,5525,35,5124,45,7310,68,,,9130,55,6300,38,5040,37,5229,41,8383,41,5950,37,7140,48,5100,31,,,,,,,,,,,,,,,,,,,,,,,,,,,,,,,,,,,,,,,,,,,,,84,28,,,,,,,,,,,,,,,,,,,,,,,,,,,,,,,,
7968,16,7225,37,8160,47,8256,39,8064,45,5100,48,7140,37,5590,38,5185,29,7395,58,,,9240,49,6375,47,5100,39,5292,51,8484,47,6020,26,7225,43,5160,36,,,,,,,,,,,,,,,,,,,,,,,,,,,,,,,,,,,,,,,,,,,,,85,33,,,,,,,,,,,,,,,,,,,,,,,,,,,,,,,,
8064,21,7310,34,8256,43,8352,19,8160,38,5160,41,7225,38,5655,27,5246,29,7480,68,,,9350,36,6450,37,5160,21,5355,46,8585,46,6090,39,7310,37,5220,23,,,,,,,,,,,,,,,,,,,,,,,,,,,,,,,,,,,,,,,,,,,,,86,25,,,,,,,,,,,,,,,,,,,,,,,,,,,,,,,,
8160,17,7395,31,8352,27,8448,29,8256,41,5220,27,7310,37,5720,25,5307,33,7565,59,,,9460,44,6525,41,5220,43,5418,37,8686,38,6160,40,7395,44,5280,27,,,,,,,,,,,,,,,,,,,,,,,,,,,,,,,,,,,,,,,,,,,,,87,39,,,,,,,,,,,,,,,,,,,,,,,,,,,,,,,,
8256,27,7480,45,8448,32,8544,35,8352,30,5280,26,7395,40,5785,47,5368,18,7650,50,,,9570,46,6600,33,5280,42,5481,38,8787,20,6230,35,7480,37,5340,36,,,,,,,,,,,,,,,,,,,,,,,,,,,,,,,,,,,,,,,,,,,,,88,32,,,,,,,,,,,,,,,,,,,,,,,,,,,,,,,,
8352,17,7565,39,8544,30,8640,22,8448,25,5340,24,7480,31,5850,25,5429,47,7735,70,,,9680,29,6675,33,5340,29,5544,24,8888,34,6300,29,7565,17,5400,34,,,,,,,,,,,,,,,,,,,,,,,,,,,,,,,,,,,,,,,,,,,,,89,37,,,,,,,,,,,,,,,,,,,,,,,,,,,,,,,,
8448,9,7650,32,8640,41,8736,34,8544,30,5400,20,7565,26,5915,28,5490,26,7820,39,,,9790,34,6750,31,5400,30,5607,29,8989,35,6370,24,7650,29,5460,29,,,,,,,,,,,,,,,,,,,,,,,,,,,,,,,,,,,,,,,,,,,,,90,23,,,,,,,,,,,,,,,,,,,,,,,,,,,,,,,,
8544,7,7735,29,8736,17,8832,24,8640,28,5460,29,7650,39,5980,29,5551,28,7905,52,,,9900,30,6825,26,5460,29,5670,41,9090,35,6440,24,7735,25,5520,15,,,,,,,,,,,,,,,,,,,,,,,,,,,,,,,,,,,,,,,,,,,,,91,28,,,,,,,,,,,,,,,,,,,,,,,,,,,,,,,,
8640,10,7820,29,8832,27,8928,24,8736,31,5520,27,7735,23,6045,23,5612,14,7990,39,,,10010,32,6900,32,5520,24,5733,21,9191,21,6510,26,7820,24,5580,23,,,,,,,,,,,,,,,,,,,,,,,,,,,,,,,,,,,,,,,,,,,,,92,29,,,,,,,,,,,,,,,,,,,,,,,,,,,,,,,,
8736,7,7905,24,8928,28,9024,23,8832,25,5580,24,7820,35,6110,22,5673,28,8075,51,,,10120,25,6975,22,5580,31,5796,35,9292,26,6580,25,7905,26,5640,32,,,,,,,,,,,,,,,,,,,,,,,,,,,,,,,,,,,,,,,,,,,,,93,28,,,,,,,,,,,,,,,,,,,,,,,,,,,,,,,,
8832,11,7990,24,9024,26,9120,19,8928,30,5640,19,7905,24,6175,30,5734,27,8160,49,,,10230,22,7050,18,5640,29,5859,19,9393,27,6650,22,7990,22,5700,25,,,,,,,,,,,,,,,,,,,,,,,,,,,,,,,,,,,,,,,,,,,,,94,22,,,,,,,,,,,,,,,,,,,,,,,,,,,,,,,,
8928,6,8075,32,9120,17,9216,24,9024,27,5700,29,7990,32,6240,8,5795,22,8245,41,,,10340,15,7125,27,5700,18,5922,30,9494,28,6720,23,8075,22,5760,18,,,,,,,,,,,,,,,,,,,,,,,,,,,,,,,,,,,,,,,,,,,,,95,17,,,,,,,,,,,,,,,,,,,,,,,,,,,,,,,,
9024,9,8160,18,9216,26,9312,22,9120,24,5760,17,8075,15,6305,14,5856,18,8330,34,,,10450,24,7200,21,5760,23,5985,27,9595,24,6790,17,8160,31,5820,17,,,,,,,,,,,,,,,,,,,,,,,,,,,,,,,,,,,,,,,,,,,,,96,22,,,,,,,,,,,,,,,,,,,,,,,,,,,,,,,,
9120,10,8245,25,9312,22,9408,16,9216,29,5820,18,8160,20,6370,15,5917,15,8415,27,,,10560,23,7275,12,5820,17,6048,18,9696,19,6860,21,8245,16,5880,18,,,,,,,,,,,,,,,,,,,,,,,,,,,,,,,,,,,,,,,,,,,,,97,14,,,,,,,,,,,,,,,,,,,,,,,,,,,,,,,,
9216,5,8330,24,9408,17,9504,17,9312,15,5880,18,8245,17,6435,19,5978,19,8500,32,,,10670,17,7350,16,5880,22,6111,14,9797,11,6930,24,8330,9,5940,16,,,,,,,,,,,,,,,,,,,,,,,,,,,,,,,,,,,,,,,,,,,,,98,19,,,,,,,,,,,,,,,,,,,,,,,,,,,,,,,,
9312,6,8415,15,9504,19,9600,14,9408,12,5940,19,8330,16,6500,20,6039,17,8585,33,,,10780,13,7425,19,5940,21,6174,17,9898,19,7000,13,8415,19,6000,12,,,,,,,,,,,,,,,,,,,,,,,,,,,,,,,,,,,,,,,,,,,,,99,23,,,,,,,,,,,,,,,,,,,,,,,,,,,,,,,,
9408,6,8500,18,9600,16,9696,19,9504,26,6000,16,8415,16,6565,17,6100,13,8670,35,,,10890,17,7500,13,6000,23,6237,17,9999,17,7070,18,8500,30,6060,13,,,,,,,,,,,,,,,,,,,,,,,,,,,,,,,,,,,,,,,,,,,,,100,13,,,,,,,,,,,,,,,,,,,,,,,,,,,,,,,,
9504,8,8585,15,9696,13,9792,21,9600,16,6060,14,8500,22,6630,12,6161,14,8755,20,,,11000,17,7575,15,6060,21,6300,18,10100,20,7140,17,8585,8,6120,11,,,,,,,,,,,,,,,,,,,,,,,,,,,,,,,,,,,,,,,,,,,,,101,15,,,,,,,,,,,,,,,,,,,,,,,,,,,,,,,,
9600,6,8670,7,9792,10,9888,15,9696,15,6120,10,8585,11,6695,14,6222,15,8840,31,,,11110,12,7650,9,6120,13,6363,19,10201,15,7210,13,8670,15,6180,11,,,,,,,,,,,,,,,,,,,,,,,,,,,,,,,,,,,,,,,,,,,,,102,14,,,,,,,,,,,,,,,,,,,,,,,,,,,,,,,,
9696,6,8755,17,9888,15,9984,17,9792,12,6180,23,8670,10,6760,12,6283,11,8925,33,,,11220,9,7725,8,6180,13,6426,11,10302,19,7280,15,8755,11,6240,13,,,,,,,,,,,,,,,,,,,,,,,,,,,,,,,,,,,,,,,,,,,,,103,11,,,,,,,,,,,,,,,,,,,,,,,,,,,,,,,,
9792,9,8840,9,9984,9,10080,12,9888,16,6240,8,8755,9,6825,14,6344,9,9010,20,,,11330,12,7800,12,6240,11,6489,11,10403,10,7350,15,8840,12,6300,10,,,,,,,,,,,,,,,,,,,,,,,,,,,,,,,,,,,,,,,,,,,,,104,17,,,,,,,,,,,,,,,,,,,,,,,,,,,,,,,,
9888,5,8925,11,10080,12,10176,6,9984,15,6300,8,8840,15,6890,14,6405,14,9095,23,,,11440,14,7875,17,6300,10,6552,9,10504,12,7420,11,8925,13,6360,10,,,,,,,,,,,,,,,,,,,,,,,,,,,,,,,,,,,,,,,,,,,,,105,16,,,,,,,,,,,,,,,,,,,,,,,,,,,,,,,,
9984,8,9010,10,10176,8,10272,8,10080,12,6360,13,8925,10,6955,15,6466,17,9180,18,,,11550,13,7950,8,6360,11,6615,9,10605,10,7490,8,9010,4,6420,12,,,,,,,,,,,,,,,,,,,,,,,,,,,,,,,,,,,,,,,,,,,,,106,4,,,,,,,,,,,,,,,,,,,,,,,,,,,,,,,,
10080,2,9095,14,10272,11,10368,11,10176,9,6420,17,9010,10,7020,7,6527,6,9265,18,,,11660,5,8025,12,6420,10,6678,9,10706,15,7560,8,9095,7,6480,14,,,,,,,,,,,,,,,,,,,,,,,,,,,,,,,,,,,,,,,,,,,,,107,9,,,,,,,,,,,,,,,,,,,,,,,,,,,,,,,,
10176,4,9180,13,10368,8,10464,7,10272,9,6480,16,9095,5,7085,5,6588,9,9350,31,,,11770,10,8100,13,6480,8,6741,10,10807,5,7630,11,9180,7,6540,13,,,,,,,,,,,,,,,,,,,,,,,,,,,,,,,,,,,,,,,,,,,,,108,12,,,,,,,,,,,,,,,,,,,,,,,,,,,,,,,,
10272,4,9265,11,10464,9,10560,5,10368,10,6540,6,9180,10,7150,9,6649,7,9435,16,,,11880,9,8175,8,6540,8,6804,10,10908,13,7700,13,9265,8,6600,10,,,,,,,,,,,,,,,,,,,,,,,,,,,,,,,,,,,,,,,,,,,,,109,7,,,,,,,,,,,,,,,,,,,,,,,,,,,,,,,,
10368,4,9350,5,10560,8,10656,6,10464,7,6600,11,9265,13,7215,6,6710,11,9520,23,,,11990,12,8250,5,6600,8,6867,13,11009,11,7770,6,9350,12,6660,6,,,,,,,,,,,,,,,,,,,,,,,,,,,,,,,,,,,,,,,,,,,,,110,11,,,,,,,,,,,,,,,,,,,,,,,,,,,,,,,,
10464,7,9435,14,10656,11,10752,9,10560,12,6660,5,9350,6,7280,10,6771,6,9605,16,,,12100,6,8325,5,6660,9,6930,4,11110,4,7840,10,9435,5,6720,4,,,,,,,,,,,,,,,,,,,,,,,,,,,,,,,,,,,,,,,,,,,,,111,7,,,,,,,,,,,,,,,,,,,,,,,,,,,,,,,,
10560,1,9520,6,10752,4,10848,3,10656,5,6720,7,9435,9,7345,9,6832,11,9690,14,,,12210,7,8400,6,6720,7,6993,9,11211,5,7910,10,9520,9,6780,6,,,,,,,,,,,,,,,,,,,,,,,,,,,,,,,,,,,,,,,,,,,,,112,4,,,,,,,,,,,,,,,,,,,,,,,,,,,,,,,,
10656,4,9605,4,10848,4,10944,5,10752,1,6780,8,9520,6,7410,5,6893,7,9775,17,,,12320,10,8475,7,6780,7,7056,12,11312,2,7980,8,9605,13,6840,2,,,,,,,,,,,,,,,,,,,,,,,,,,,,,,,,,,,,,,,,,,,,,113,7,,,,,,,,,,,,,,,,,,,,,,,,,,,,,,,,
10752,2,9690,6,10944,3,11040,8,10848,3,6840,7,9605,13,7475,9,6954,8,9860,13,,,12430,8,8550,7,6840,8,7119,5,11413,10,8050,6,9690,6,6900,6,,,,,,,,,,,,,,,,,,,,,,,,,,,,,,,,,,,,,,,,,,,,,114,9,,,,,,,,,,,,,,,,,,,,,,,,,,,,,,,,
10848,1,9775,5,11040,4,11136,4,10944,2,6900,6,9690,9,7540,4,7015,5,9945,14,,,12540,2,8625,2,6960,12,7182,8,11514,4,8120,8,9775,3,6960,8,,,,,,,,,,,,,,,,,,,,,,,,,,,,,,,,,,,,,,,,,,,,,115,8,,,,,,,,,,,,,,,,,,,,,,,,,,,,,,,,
10944,2,9860,3,11136,6,11232,5,11040,2,6960,6,9775,4,7605,5,7076,6,10030,15,,,12650,5,8700,4,7020,4,7245,4,11615,7,8190,7,9860,7,7020,7,,,,,,,,,,,,,,,,,,,,,,,,,,,,,,,,,,,,,,,,,,,,,116,6,,,,,,,,,,,,,,,,,,,,,,,,,,,,,,,,
11040,4,9945,5,11232,4,11328,11,11136,3,7020,2,9860,6,7670,8,7137,3,10115,13,,,12760,3,8775,8,7080,3,7308,2,11716,5,8260,3,9945,5,7080,5,,,,,,,,,,,,,,,,,,,,,,,,,,,,,,,,,,,,,,,,,,,,,117,6,,,,,,,,,,,,,,,,,,,,,,,,,,,,,,,,
11136,1,10030,7,11328,5,11424,2,11232,3,7080,4,9945,7,7735,3,7198,2,10200,11,,,12870,5,8850,13,7140,2,7371,3,11817,6,8330,5,10030,9,7140,5,,,,,,,,,,,,,,,,,,,,,,,,,,,,,,,,,,,,,,,,,,,,,118,3,,,,,,,,,,,,,,,,,,,,,,,,,,,,,,,,
11232,1,10115,4,11424,5,11520,1,11328,6,7140,4,10030,4,7800,3,7259,3,10285,12,,,12980,3,8925,4,7200,7,7434,8,11918,5,8400,6,10115,6,7200,2,,,,,,,,,,,,,,,,,,,,,,,,,,,,,,,,,,,,,,,,,,,,,119,4,,,,,,,,,,,,,,,,,,,,,,,,,,,,,,,,
11328,1,10200,3,11520,1,11616,3,11424,8,7200,4,10115,2,7865,7,7320,4,10370,7,,,13090,5,9000,5,7260,3,7497,2,12019,6,8470,2,10200,5,7260,5,,,,,,,,,,,,,,,,,,,,,,,,,,,,,,,,,,,,,,,,,,,,,120,4,,,,,,,,,,,,,,,,,,,,,,,,,,,,,,,,
11424,1,10285,7,11616,5,11808,2,11520,6,7260,3,10200,3,7930,4,7381,5,10455,5,,,13200,2,9075,2,7320,3,7560,2,12120,3,8540,2,10285,6,7320,3,,,,,,,,,,,,,,,,,,,,,,,,,,,,,,,,,,,,,,,,,,,,,121,5,,,,,,,,,,,,,,,,,,,,,,,,,,,,,,,,
11520,1,10370,2,11712,6,11904,7,11616,3,7320,4,10285,2,7995,2,7442,4,10540,4,,,13310,1,9150,2,7380,3,7623,2,12221,4,8610,3,10370,7,7380,5,,,,,,,,,,,,,,,,,,,,,,,,,,,,,,,,,,,,,,,,,,,,,122,4,,,,,,,,,,,,,,,,,,,,,,,,,,,,,,,,
11616,1,10455,2,11904,3,12000,5,11712,7,7380,6,10455,7,8060,3,7503,3,10625,7,,,13420,2,9225,4,7440,4,7686,3,12322,2,8680,1,10455,2,7440,4,,,,,,,,,,,,,,,,,,,,,,,,,,,,,,,,,,,,,,,,,,,,,123,3,,,,,,,,,,,,,,,,,,,,,,,,,,,,,,,,
11904,1,10540,6,12000,1,12096,3,11808,5,7440,1,10540,5,8125,2,7564,4,10710,13,,,13530,5,9300,6,7500,4,7749,3,12423,3,8750,4,10540,2,7500,1,,,,,,,,,,,,,,,,,,,,,,,,,,,,,,,,,,,,,,,,,,,,,124,3,,,,,,,,,,,,,,,,,,,,,,,,,,,,,,,,
12096,3,10625,2,12096,3,12192,1,11904,6,7500,2,10625,4,8190,1,7625,4,10795,12,,,13640,2,9375,2,7560,4,7812,1,12524,2,8820,5,10625,4,7620,1,,,,,,,,,,,,,,,,,,,,,,,,,,,,,,,,,,,,,,,,,,,,,125,4,,,,,,,,,,,,,,,,,,,,,,,,,,,,,,,,
12480,1,10710,3,12288,5,12288,3,12000,3,7560,4,10710,2,8255,3,7686,1,10880,4,,,13750,1,9450,4,7620,2,7875,4,12625,2,8960,2,10710,2,7680,4,,,,,,,,,,,,,,,,,,,,,,,,,,,,,,,,,,,,,,,,,,,,,126,4,,,,,,,,,,,,,,,,,,,,,,,,,,,,,,,,
12576,1,10880,4,12384,3,12384,3,12096,2,7680,2,10965,3,8320,4,7747,6,10965,5,,,13860,1,9525,4,7740,2,7938,1,12726,1,9030,6,10795,3,7740,3,,,,,,,,,,,,,,,,,,,,,,,,,,,,,,,,,,,,,,,,,,,,,127,4,,,,,,,,,,,,,,,,,,,,,,,,,,,,,,,,
14112,1,10965,1,12480,2,12480,2,12192,1,7740,1,11050,2,8385,2,7808,5,11050,8,,,13970,2,9600,4,7800,3,8001,3,12827,3,9100,2,10880,1,7800,2,,,,,,,,,,,,,,,,,,,,,,,,,,,,,,,,,,,,,,,,,,,,,128,4,,,,,,,,,,,,,,,,,,,,,,,,,,,,,,,,
14304,1,11050,1,12672,1,12576,4,12384,2,7800,1,11135,1,8450,3,7869,3,11135,5,,,14080,1,9675,1,7860,1,8064,1,13029,3,9170,2,11135,1,7860,1,,,,,,,,,,,,,,,,,,,,,,,,,,,,,,,,,,,,,,,,,,,,,129,2,,,,,,,,,,,,,,,,,,,,,,,,,,,,,,,,
,,11135,3,13056,2,12672,2,12480,2,7860,2,11220,1,8515,1,7991,2,11220,7,,,14190,1,9750,2,7920,3,8127,2,13130,3,9240,1,11220,2,7920,2,,,,,,,,,,,,,,,,,,,,,,,,,,,,,,,,,,,,,,,,,,,,,131,2,,,,,,,,,,,,,,,,,,,,,,,,,,,,,,,,
,,11220,3,13248,1,12768,1,12576,2,7980,2,11305,3,8580,3,8052,4,11305,5,,,14300,1,9825,2,7980,1,8190,2,13231,2,9310,2,11390,1,7980,2,,,,,,,,,,,,,,,,,,,,,,,,,,,,,,,,,,,,,,,,,,,,,132,2,,,,,,,,,,,,,,,,,,,,,,,,,,,,,,,,
,,11390,1,13344,1,12864,1,12672,1,8040,2,11475,1,8645,2,8174,6,11390,1,,,14410,1,9900,3,8040,1,8253,3,13332,3,9450,3,11475,1,8040,2,,,,,,,,,,,,,,,,,,,,,,,,,,,,,,,,,,,,,,,,,,,,,133,3,,,,,,,,,,,,,,,,,,,,,,,,,,,,,,,,
,,11645,1,14112,2,12960,3,12768,1,8100,1,11645,1,8710,2,8235,1,11475,9,,,14630,2,9975,4,8100,1,8316,1,13433,2,9520,1,11645,1,8100,2,,,,,,,,,,,,,,,,,,,,,,,,,,,,,,,,,,,,,,,,,,,,,134,2,,,,,,,,,,,,,,,,,,,,,,,,,,,,,,,,
,,11730,2,14400,2,13056,2,13056,2,8160,3,11730,1,8840,2,8357,2,11560,2,,,14740,3,10050,3,8160,2,8379,2,13534,1,9590,1,11730,1,8160,2,,,,,,,,,,,,,,,,,,,,,,,,,,,,,,,,,,,,,,,,,,,,,135,2,,,,,,,,,,,,,,,,,,,,,,,,,,,,,,,,
,,11815,3,14496,1,13152,1,13152,3,8220,1,11900,1,9100,2,8418,3,11645,6,,,14850,1,10125,1,8220,1,8442,2,13635,2,9730,1,11900,1,8220,3,,,,,,,,,,,,,,,,,,,,,,,,,,,,,,,,,,,,,,,,,,,,,136,4,,,,,,,,,,,,,,,,,,,,,,,,,,,,,,,,
,,11985,2,15072,1,13344,3,13248,1,8280,1,11985,1,9165,1,8662,2,11730,4,,,14960,1,10200,2,8280,2,8505,2,13736,1,9870,3,11985,1,8280,1,,,,,,,,,,,,,,,,,,,,,,,,,,,,,,,,,,,,,,,,,,,,,137,1,,,,,,,,,,,,,,,,,,,,,,,,,,,,,,,,
,,12665,1,15744,1,13440,2,13344,1,8340,2,12155,3,9230,1,8784,2,11815,2,,,15070,2,10275,1,8340,3,8568,2,13837,2,9940,2,12240,1,8340,4,,,,,,,,,,,,,,,,,,,,,,,,,,,,,,,,,,,,,,,,,,,,,138,2,,,,,,,,,,,,,,,,,,,,,,,,,,,,,,,,
,,13600,1,16224,1,13536,1,13440,1,8400,1,12410,2,9295,2,8906,1,11900,3,,,15290,1,10350,3,8400,1,8631,1,13938,2,10080,3,12580,1,8400,1,,,,,,,,,,,,,,,,,,,,,,,,,,,,,,,,,,,,,,,,,,,,,139,1,,,,,,,,,,,,,,,,,,,,,,,,,,,,,,,,
,,13855,1,,,13824,1,13632,2,8460,1,12495,2,9360,2,8967,1,11985,4,,,15400,1,10425,2,8520,1,8883,2,14140,1,10220,1,12920,2,8460,3,,,,,,,,,,,,,,,,,,,,,,,,,,,,,,,,,,,,,,,,,,,,,140,1,,,,,,,,,,,,,,,,,,,,,,,,,,,,,,,,
,,16830,1,,,13920,3,13728,1,8640,2,14535,1,9620,1,9028,2,12070,3,,,15510,2,10500,1,8580,1,8946,1,14241,1,10500,2,13090,1,8520,1,,,,,,,,,,,,,,,,,,,,,,,,,,,,,,,,,,,,,,,,,,,,,144,1,,,,,,,,,,,,,,,,,,,,,,,,,,,,,,,,
,,,,,,14304,2,13824,1,8700,1,15385,1,9750,2,9699,1,12155,2,,,15840,2,10725,1,8700,1,9135,1,14342,1,10570,1,13175,1,8580,1,,,,,,,,,,,,,,,,,,,,,,,,,,,,,,,,,,,,,,,,,,,,,151,1,,,,,,,,,,,,,,,,,,,,,,,,,,,,,,,,
,,,,,,14784,1,14208,2,8820,1,15470,1,9945,1,,,12240,2,,,16830,2,10800,1,8760,1,9198,1,14443,2,10990,1,13770,1,8700,1,,,,,,,,,,,,,,,,,,,,,,,,,,,,,,,,,,,,,,,,,,,,,156,1,,,,,,,,,,,,,,,,,,,,,,,,,,,,,,,,
,,,,,,15168,2,14496,1,9240,1,15555,1,10465,1,,,12325,1,,,16940,1,11100,1,9060,1,9261,2,14746,1,,,,,8760,1,,,,,,,,,,,,,,,,,,,,,,,,,,,,,,,,,,,,,,,,,,,,,,,,,,,,,,,,,,,,,,,,,,,,,,,,,,,,,,
,,,,,,15360,1,14976,1,9540,1,,,10660,1,,,12410,5,,,17490,1,11175,1,9240,1,9324,1,14948,1,,,,,8880,1,,,,,,,,,,,,,,,,,,,,,,,,,,,,,,,,,,,,,,,,,,,,,,,,,,,,,,,,,,,,,,,,,,,,,,,,,,,,,,
,,,,,,18144,1,,,9960,1,,,,,,,12495,5,,,17930,1,11325,1,9300,2,9450,1,15352,3,,,,,8940,1,,,,,,,,,,,,,,,,,,,,,,,,,,,,,,,,,,,,,,,,,,,,,,,,,,,,,,,,,,,,,,,,,,,,,,,,,,,,,,
,,,,,,,,,,10020,1,,,,,,,12580,2,,,18040,1,11400,1,9360,1,9828,1,15756,1,,,,,9000,1,,,,,,,,,,,,,,,,,,,,,,,,,,,,,,,,,,,,,,,,,,,,,,,,,,,,,,,,,,,,,,,,,,,,,,,,,,,,,,
,,,,,,,,,,,,,,,,,,12665,1,,,,,11700,1,9840,1,10395,1,15857,1,,,,,9960,1,,,,,,,,,,,,,,,,,,,,,,,,,,,,,,,,,,,,,,,,,,,,,,,,,,,,,,,,,,,,,,,,,,,,,,,,,,,,,,
,,,,,,,,,,,,,,,,,,12835,2,,,,,12150,1,10320,1,10647,1,15958,2,,,,,10260,1,,,,,,,,,,,,,,,,,,,,,,,,,,,,,,,,,,,,,,,,,,,,,,,,,,,,,,,,,,,,,,,,,,,,,,,,,,,,,,
,,,,,,,,,,,,,,,,,,13090,2,,,,,,,10680,1,,,16160,1,,,,,10920,1,,,,,,,,,,,,,,,,,,,,,,,,,,,,,,,,,,,,,,,,,,,,,,,,,,,,,,,,,,,,,,,,,,,,,,,,,,,,,,
,,,,,,,,,,,,,,,,,,13260,1,,,,,,,,,,,17574,1,,,,,,,,,,,,,,,,,,,,,,,,,,,,,,,,,,,,,,,,,,,,,,,,,,,,,,,,,,,,,,,,,,,,,,,,,,,,,,,,,,,,
,,,,,,,,,,,,,,,,,,13345,2,,,,,,,,,,,19392,1,,,,,,,,,,,,,,,,,,,,,,,,,,,,,,,,,,,,,,,,,,,,,,,,,,,,,,,,,,,,,,,,,,,,,,,,,,,,,,,,,,,,
,,,,,,,,,,,,,,,,,,13430,1,,,,,,,,,,,,,,,,,,,,,,,,,,,,,,,,,,,,,,,,,,,,,,,,,,,,,,,,,,,,,,,,,,,,,,,,,,,,,,,,,,,,,,,,,,,,,,,,
,,,,,,,,,,,,,,,,,,13770,1,,,,,,,,,,,,,,,,,,,,,,,,,,,,,,,,,,,,,,,,,,,,,,,,,,,,,,,,,,,,,,,,,,,,,,,,,,,,,,,,,,,,,,,,,,,,,,,,
,,,,,,,,,,,,,,,,,,14365,1,,,,,,,,,,,,,,,,,,,,,,,,,,,,,,,,,,,,,,,,,,,,,,,,,,,,,,,,,,,,,,,,,,,,,,,,,,,,,,,,,,,,,,,,,,,,,,,,
,,,,,,,,,,,,,,,,,,14705,1,,,,,,,,,,,,,,,,,,,,,,,,,,,,,,,,,,,,,,,,,,,,,,,,,,,,,,,,,,,,,,,,,,,,,,,,,,,,,,,,,,,,,,,,,,,,,,,,
,,,,,,,,,,,,,,,,,,15045,1,,,,,,,,,,,,,,,,,,,,,,,,,,,,,,,,,,,,,,,,,,,,,,,,,,,,,,,,,,,,,,,,,,,,,,,,,,,,,,,,,,,,,,,,,,,,,,,,
,,,,,,,,,,,,,,,,,,15215,1,,,,,,,,,,,,,,,,,,,,,,,,,,,,,,,,,,,,,,,,,,,,,,,,,,,,,,,,,,,,,,,,,,,,,,,,,,,,,,,,,,,,,,,,,,,,,,,,
,,,,,,,,,,,,,,,,,,15300,1,,,,,,,,,,,,,,,,,,,,,,,,,,,,,,,,,,,,,,,,,,,,,,,,,,,,,,,,,,,,,,,,,,,,,,,,,,,,,,,,,,,,,,,,,,,,,,,,
,,,,,,,,,,,,,,,,,,16745,1,,,,,,,,,,,,,,,,,,,,,,,,,,,,,,,,,,,,,,,,,,,,,,,,,,,,,,,,,,,,,,,,,,,,,,,,,,,,,,,,,,,,,,,,,,,,,,,,
,,,,,,,,,,,,,,,,,,18700,1,,,,,,,,,,,,,,,,,,,,,,,,,,,,,,,,,,,,,,,,,,,,,,,,,,,,,,,,,,,,,,,,,,,,,,,,,,,,,,,,,,,,,,,,,,,,,,,,
